Дата,Офіційний курс гривні
01.01.2013,7.9929999999999986
02.01.2013,7.9929999999999986
03.01.2013,7.9929999999999986
04.01.2013,7.9929999999999986
05.01.2013,7.9929999999999986
06.01.2013,7.9929999999999986
07.01.2013,7.9929999999999986
08.01.2013,7.9929999999999986
09.01.2013,7.9929999999999986
10.01.2013,7.9929999999999986
11.01.2013,7.9929999999999986
12.01.2013,7.9929999999999986
13.01.2013,7.9929999999999986
14.01.2013,7.9929999999999986
15.01.2013,7.9929999999999986
16.01.2013,7.9929999999999986
17.01.2013,7.9929999999999986
18.01.2013,7.9929999999999986
19.01.2013,7.9929999999999986
20.01.2013,7.9929999999999986
21.01.2013,7.9929999999999986
22.01.2013,7.9929999999999986
23.01.2013,7.9929999999999986
24.01.2013,7.9929999999999986
25.01.2013,7.9929999999999986
26.01.2013,7.9929999999999986
27.01.2013,7.9929999999999986
28.01.2013,7.9929999999999986
29.01.2013,7.9929999999999986
30.01.2013,7.9929999999999986
31.01.2013,7.9929999999999986
01.02.2013,7.9929999999999986
02.02.2013,7.9929999999999986
03.02.2013,7.9929999999999986
04.02.2013,7.9929999999999986
05.02.2013,7.9929999999999986
06.02.2013,7.9929999999999986
07.02.2013,7.9929999999999986
08.02.2013,7.9929999999999986
09.02.2013,7.9929999999999986
10.02.2013,7.9929999999999986
11.02.2013,7.9929999999999986
12.02.2013,7.9929999999999986
13.02.2013,7.9929999999999986
14.02.2013,7.9929999999999986
15.02.2013,7.9929999999999986
16.02.2013,7.9929999999999986
17.02.2013,7.9929999999999986
18.02.2013,7.9929999999999986
19.02.2013,7.9929999999999986
20.02.2013,7.9929999999999986
21.02.2013,7.9929999999999986
22.02.2013,7.9929999999999986
23.02.2013,7.9929999999999986
24.02.2013,7.9929999999999986
25.02.2013,7.9929999999999986
26.02.2013,7.9929999999999986
27.02.2013,7.9929999999999986
28.02.2013,7.9929999999999986
01.03.2013,7.9929999999999986
02.03.2013,7.9929999999999986
03.03.2013,7.9929999999999986
04.03.2013,7.9929999999999986
05.03.2013,7.9929999999999986
06.03.2013,7.9929999999999986
07.03.2013,7.9929999999999986
08.03.2013,7.9929999999999986
09.03.2013,7.9929999999999986
10.03.2013,7.9929999999999986
11.03.2013,7.9929999999999986
12.03.2013,7.9929999999999986
13.03.2013,7.9929999999999986
14.03.2013,7.9929999999999986
15.03.2013,7.9929999999999986
16.03.2013,7.9929999999999986
17.03.2013,7.9929999999999986
18.03.2013,7.9929999999999986
19.03.2013,7.9929999999999986
20.03.2013,7.9929999999999986
21.03.2013,7.9929999999999986
22.03.2013,7.9929999999999986
23.03.2013,7.9929999999999986
24.03.2013,7.9929999999999986
25.03.2013,7.9929999999999986
26.03.2013,7.9929999999999986
27.03.2013,7.9929999999999986
28.03.2013,7.9929999999999986
29.03.2013,7.9929999999999986
30.03.2013,7.9929999999999986
31.03.2013,7.9929999999999986
01.04.2013,7.9929999999999986
02.04.2013,7.9929999999999986
03.04.2013,7.9929999999999986
04.04.2013,7.9929999999999986
05.04.2013,7.9929999999999986
06.04.2013,7.9929999999999986
07.04.2013,7.9929999999999986
08.04.2013,7.9929999999999986
09.04.2013,7.9929999999999986
10.04.2013,7.9929999999999986
11.04.2013,7.9929999999999986
12.04.2013,7.9929999999999986
13.04.2013,7.9929999999999986
14.04.2013,7.9929999999999986
15.04.2013,7.9929999999999986
16.04.2013,7.9929999999999986
17.04.2013,7.9929999999999986
18.04.2013,7.9929999999999986
19.04.2013,7.9929999999999986
20.04.2013,7.9929999999999986
21.04.2013,7.9929999999999986
22.04.2013,7.9929999999999986
23.04.2013,7.9929999999999986
24.04.2013,7.9929999999999986
25.04.2013,7.9929999999999986
26.04.2013,7.9929999999999986
27.04.2013,7.9929999999999986
28.04.2013,7.9929999999999986
29.04.2013,7.9929999999999986
30.04.2013,7.9929999999999986
01.05.2013,7.9929999999999986
02.05.2013,7.9929999999999986
03.05.2013,7.9929999999999986
04.05.2013,7.9929999999999986
05.05.2013,7.9929999999999986
06.05.2013,7.9929999999999986
07.05.2013,7.9929999999999986
08.05.2013,7.9929999999999986
09.05.2013,7.9929999999999986
10.05.2013,7.9929999999999986
11.05.2013,7.9929999999999986
12.05.2013,7.9929999999999986
13.05.2013,7.9929999999999986
14.05.2013,7.9929999999999986
15.05.2013,7.9929999999999986
16.05.2013,7.9929999999999986
17.05.2013,7.9929999999999986
18.05.2013,7.9929999999999986
19.05.2013,7.9929999999999986
20.05.2013,7.9929999999999986
21.05.2013,7.9929999999999986
22.05.2013,7.9929999999999986
23.05.2013,7.9929999999999986
24.05.2013,7.9929999999999986
25.05.2013,7.9929999999999986
26.05.2013,7.9929999999999986
27.05.2013,7.9929999999999986
28.05.2013,7.9929999999999986
29.05.2013,7.9929999999999986
30.05.2013,7.9929999999999986
31.05.2013,7.9929999999999986
01.06.2013,7.9929999999999986
02.06.2013,7.9929999999999986
03.06.2013,7.9929999999999986
04.06.2013,7.9929999999999986
05.06.2013,7.9929999999999986
06.06.2013,7.9929999999999986
07.06.2013,7.9929999999999986
08.06.2013,7.9929999999999986
09.06.2013,7.9929999999999986
10.06.2013,7.9929999999999986
11.06.2013,7.9929999999999986
12.06.2013,7.9929999999999986
13.06.2013,7.9929999999999986
14.06.2013,7.9929999999999986
15.06.2013,7.9929999999999986
16.06.2013,7.9929999999999986
17.06.2013,7.9929999999999986
18.06.2013,7.9929999999999986
19.06.2013,7.9929999999999986
20.06.2013,7.9929999999999986
21.06.2013,7.9929999999999986
22.06.2013,7.9929999999999986
23.06.2013,7.9929999999999986
24.06.2013,7.9929999999999986
25.06.2013,7.9929999999999986
26.06.2013,7.9929999999999986
27.06.2013,7.9929999999999986
28.06.2013,7.9929999999999986
29.06.2013,7.9929999999999986
30.06.2013,7.9929999999999986
01.07.2013,7.9929999999999986
02.07.2013,7.9929999999999986
03.07.2013,7.9929999999999986
04.07.2013,7.9929999999999986
05.07.2013,7.9929999999999986
06.07.2013,7.9929999999999986
07.07.2013,7.9929999999999986
08.07.2013,7.9929999999999986
09.07.2013,7.9929999999999986
10.07.2013,7.9929999999999986
11.07.2013,7.9929999999999986
12.07.2013,7.9929999999999986
13.07.2013,7.9929999999999986
14.07.2013,7.9929999999999986
15.07.2013,7.9929999999999986
16.07.2013,7.9929999999999986
17.07.2013,7.9929999999999986
18.07.2013,7.9929999999999986
19.07.2013,7.9929999999999986
20.07.2013,7.9929999999999986
21.07.2013,7.9929999999999986
22.07.2013,7.9929999999999986
23.07.2013,7.9929999999999986
24.07.2013,7.9929999999999986
25.07.2013,7.9929999999999986
26.07.2013,7.9929999999999986
27.07.2013,7.9929999999999986
28.07.2013,7.9929999999999986
29.07.2013,7.9929999999999986
30.07.2013,7.9929999999999986
31.07.2013,7.9929999999999986
01.08.2013,7.9929999999999986
02.08.2013,7.9929999999999986
03.08.2013,7.9929999999999986
04.08.2013,7.9929999999999986
05.08.2013,7.9929999999999986
06.08.2013,7.9929999999999986
07.08.2013,7.9929999999999986
08.08.2013,7.9929999999999986
09.08.2013,7.9929999999999986
10.08.2013,7.9929999999999986
11.08.2013,7.9929999999999986
12.08.2013,7.9929999999999986
13.08.2013,7.9929999999999986
14.08.2013,7.9929999999999986
15.08.2013,7.9929999999999986
16.08.2013,7.9929999999999986
17.08.2013,7.9929999999999986
18.08.2013,7.9929999999999986
19.08.2013,7.9929999999999986
20.08.2013,7.9929999999999986
21.08.2013,7.9929999999999986
22.08.2013,7.9929999999999986
23.08.2013,7.9929999999999986
24.08.2013,7.9929999999999986
25.08.2013,7.9929999999999986
26.08.2013,7.9929999999999986
27.08.2013,7.9929999999999986
28.08.2013,7.9929999999999986
29.08.2013,7.9929999999999986
30.08.2013,7.9929999999999986
31.08.2013,7.9929999999999986
01.09.2013,7.9929999999999986
02.09.2013,7.9929999999999986
03.09.2013,7.9929999999999986
04.09.2013,7.9929999999999986
05.09.2013,7.9929999999999986
06.09.2013,7.9929999999999986
07.09.2013,7.9929999999999986
08.09.2013,7.9929999999999986
09.09.2013,7.9929999999999986
10.09.2013,7.9929999999999986
11.09.2013,7.9929999999999986
12.09.2013,7.9929999999999986
13.09.2013,7.9929999999999986
14.09.2013,7.9929999999999986
15.09.2013,7.9929999999999986
16.09.2013,7.9929999999999986
17.09.2013,7.9929999999999986
18.09.2013,7.9929999999999986
19.09.2013,7.9929999999999986
20.09.2013,7.9929999999999986
21.09.2013,7.9929999999999986
22.09.2013,7.9929999999999986
23.09.2013,7.9929999999999986
24.09.2013,7.9929999999999986
25.09.2013,7.9929999999999986
26.09.2013,7.9929999999999986
27.09.2013,7.9929999999999986
28.09.2013,7.9929999999999986
29.09.2013,7.9929999999999986
30.09.2013,7.9929999999999986
01.10.2013,7.9929999999999986
02.10.2013,7.9929999999999986
03.10.2013,7.9929999999999986
04.10.2013,7.9929999999999986
05.10.2013,7.9929999999999986
06.10.2013,7.9929999999999986
07.10.2013,7.9929999999999986
08.10.2013,7.9929999999999986
09.10.2013,7.9929999999999986
10.10.2013,7.9929999999999986
11.10.2013,7.9929999999999986
12.10.2013,7.9929999999999986
13.10.2013,7.9929999999999986
14.10.2013,7.9929999999999986
15.10.2013,7.9929999999999986
16.10.2013,7.9929999999999986
17.10.2013,7.9929999999999986
18.10.2013,7.9929999999999986
19.10.2013,7.9929999999999986
20.10.2013,7.9929999999999986
21.10.2013,7.9929999999999986
22.10.2013,7.9929999999999986
23.10.2013,7.9929999999999986
24.10.2013,7.9929999999999986
25.10.2013,7.9929999999999986
26.10.2013,7.9929999999999986
27.10.2013,7.9929999999999986
28.10.2013,7.9929999999999986
29.10.2013,7.9929999999999986
30.10.2013,7.9929999999999986
31.10.2013,7.9929999999999986
01.11.2013,7.9929999999999986
02.11.2013,7.9929999999999986
03.11.2013,7.9929999999999986
04.11.2013,7.9929999999999986
05.11.2013,7.9929999999999986
06.11.2013,7.9929999999999986
07.11.2013,7.9929999999999986
08.11.2013,7.9929999999999986
09.11.2013,7.9929999999999986
10.11.2013,7.9929999999999986
11.11.2013,7.9929999999999986
12.11.2013,7.9929999999999986
13.11.2013,7.9929999999999986
14.11.2013,7.9929999999999986
15.11.2013,7.9929999999999986
16.11.2013,7.9929999999999986
17.11.2013,7.9929999999999986
18.11.2013,7.9929999999999986
19.11.2013,7.9929999999999986
20.11.2013,7.9929999999999986
21.11.2013,7.9929999999999986
22.11.2013,7.9929999999999986
23.11.2013,7.9929999999999986
24.11.2013,7.9929999999999986
25.11.2013,7.9929999999999986
26.11.2013,7.9929999999999986
27.11.2013,7.9929999999999986
28.11.2013,7.9929999999999986
29.11.2013,7.9929999999999986
30.11.2013,7.9929999999999986
01.12.2013,7.9929999999999986
02.12.2013,7.9929999999999986
03.12.2013,7.9929999999999986
04.12.2013,7.9929999999999986
05.12.2013,7.9929999999999986
06.12.2013,7.9929999999999986
07.12.2013,7.9929999999999986
08.12.2013,7.9929999999999986
09.12.2013,7.9929999999999986
10.12.2013,7.9929999999999986
11.12.2013,7.9929999999999986
12.12.2013,7.9929999999999986
13.12.2013,7.9929999999999986
14.12.2013,7.9929999999999986
15.12.2013,7.9929999999999986
16.12.2013,7.9929999999999986
17.12.2013,7.9929999999999986
18.12.2013,7.9929999999999986
19.12.2013,7.9929999999999986
20.12.2013,7.9929999999999986
21.12.2013,7.9929999999999986
22.12.2013,7.9929999999999986
23.12.2013,7.9929999999999986
24.12.2013,7.9929999999999986
25.12.2013,7.9929999999999986
26.12.2013,7.9929999999999986
27.12.2013,7.9929999999999986
28.12.2013,7.9929999999999986
29.12.2013,7.9929999999999986
30.12.2013,7.9929999999999986
31.12.2013,7.9929999999999986
01.01.2014,7.9929999999999986
02.01.2014,7.9929999999999986
03.01.2014,7.9929999999999986
04.01.2014,7.9929999999999986
05.01.2014,7.9929999999999986
06.01.2014,7.9929999999999986
07.01.2014,7.9929999999999986
08.01.2014,7.9929999999999986
09.01.2014,7.9929999999999986
10.01.2014,7.9929999999999986
11.01.2014,7.9929999999999986
12.01.2014,7.9929999999999986
13.01.2014,7.9929999999999986
14.01.2014,7.9929999999999986
15.01.2014,7.9929999999999986
16.01.2014,7.9929999999999986
17.01.2014,7.9929999999999986
18.01.2014,7.9929999999999986
19.01.2014,7.9929999999999986
20.01.2014,7.9929999999999986
21.01.2014,7.9929999999999986
22.01.2014,7.9929999999999986
23.01.2014,7.9929999999999986
24.01.2014,7.9929999999999986
25.01.2014,7.9929999999999986
26.01.2014,7.9929999999999986
27.01.2014,7.9929999999999986
28.01.2014,7.9929999999999986
29.01.2014,7.9929999999999986
30.01.2014,7.9929999999999986
31.01.2014,7.9929999999999986
01.02.2014,7.9929999999999986
02.02.2014,7.9929999999999986
03.02.2014,7.9929999999999986
04.02.2014,7.9929999999999986
05.02.2014,7.9929999999999986
06.02.2014,7.9929999999999986
07.02.2014,8.708
08.02.2014,8.708
09.02.2014,8.708
10.02.2014,8.5282
11.02.2014,8.5532
12.02.2014,8.5507
13.02.2014,8.5507
14.02.2014,8.6309
15.02.2014,8.6309
16.02.2014,8.6309
17.02.2014,8.6405
18.02.2014,8.645800000000001
19.02.2014,8.686900000000001
20.02.2014,8.7852
21.02.2014,8.838
22.02.2014,8.838
23.02.2014,8.838
24.02.2014,8.937999999999997
25.02.2014,9.0377
26.02.2014,9.4269
27.02.2014,9.5179
28.02.2014,9.9863
01.03.2014,9.9863
02.03.2014,9.9863
03.03.2014,9.6994
04.03.2014,9.9924
05.03.2014,9.7241
06.03.2014,9.4489
07.03.2014,9.3879
08.03.2014,9.3879
09.03.2014,9.3879
10.03.2014,9.3879
11.03.2014,9.2359
12.03.2014,9.2975
13.03.2014,9.2823
14.03.2014,9.4759
15.03.2014,9.4759
16.03.2014,9.4759
17.03.2014,9.6007
18.03.2014,9.7568
19.03.2014,9.9598
20.03.2014,9.9178
21.03.2014,10.1092
22.03.2014,10.1092
23.03.2014,10.1092
24.03.2014,10.1965
25.03.2014,10.3762
26.03.2014,10.5758
27.03.2014,10.6721
28.03.2014,10.8502
29.03.2014,10.8502
30.03.2014,10.8502
31.03.2014,10.9546
01.04.2014,10.9981
02.04.2014,11.1062
03.04.2014,11.2416
04.04.2014,11.601102000000001
05.04.2014,11.601102000000001
06.04.2014,11.601102000000001
07.04.2014,11.650969
08.04.2014,11.728167
09.04.2014,11.878416
10.04.2014,12.617898
11.04.2014,12.569123
12.04.2014,12.569123
13.04.2014,12.569123
14.04.2014,12.977089999999999
15.04.2014,12.385561000000001
16.04.2014,11.39611
17.04.2014,11.252078
18.04.2014,11.227373
19.04.2014,11.227373
20.04.2014,11.227373
21.04.2014,11.227373
22.04.2014,11.247453
23.04.2014,11.51285
24.04.2014,11.384637
25.04.2014,11.383201
26.04.2014,11.383201
27.04.2014,11.383201
28.04.2014,11.357246
29.04.2014,11.408089
30.04.2014,11.401581
01.05.2014,11.401581
02.05.2014,11.401581
03.05.2014,11.401581
04.05.2014,11.401581
05.05.2014,11.4
06.05.2014,11.469576
07.05.2014,11.651347
08.05.2014,11.593833
09.05.2014,11.593833
10.05.2014,11.593833
11.05.2014,11.593833
12.05.2014,11.605445
13.05.2014,11.646656
14.05.2014,11.764521
15.05.2014,11.662983
16.05.2014,11.755194
17.05.2014,11.755194
18.05.2014,11.755194
19.05.2014,11.752057
20.05.2014,11.716147
21.05.2014,11.723210000000002
22.05.2014,11.73046
23.05.2014,11.715143
24.05.2014,11.715143
25.05.2014,11.715143
26.05.2014,11.660821
27.05.2014,11.751152
28.05.2014,11.709769999999999
29.05.2014,11.765592
30.05.2014,11.774997
31.05.2014,11.774997
01.06.2014,11.774997
02.06.2014,11.877564
03.06.2014,11.833307
04.06.2014,11.870105
05.06.2014,11.76026
06.06.2014,11.825829
07.06.2014,11.825829
08.06.2014,11.825829
09.06.2014,11.825829
10.06.2014,11.803521
11.06.2014,11.631239
12.06.2014,11.654663000000001
13.06.2014,11.728837
14.06.2014,11.728837
15.06.2014,11.728837
16.06.2014,11.748094000000002
17.06.2014,11.760444
18.06.2014,11.827596000000002
19.06.2014,11.849877
20.06.2014,11.854613
21.06.2014,11.854613
22.06.2014,11.854613
23.06.2014,11.878272
24.06.2014,11.892063
25.06.2014,11.881919
26.06.2014,11.894782
27.06.2014,11.823346
28.06.2014,11.823346
29.06.2014,11.823346
30.06.2014,11.823346
01.07.2014,11.785498
02.07.2014,11.833402
03.07.2014,11.841109
04.07.2014,11.827096
05.07.2014,11.827096
06.07.2014,11.827096
07.07.2014,11.784505
08.07.2014,11.712292
09.07.2014,11.658130000000002
10.07.2014,11.695741
11.07.2014,11.693814
12.07.2014,11.693814
13.07.2014,11.693814
14.07.2014,11.696248
15.07.2014,11.707174
16.07.2014,11.718072
17.07.2014,11.719709
18.07.2014,11.649106
19.07.2014,11.649106
20.07.2014,11.649106
21.07.2014,11.655592
22.07.2014,11.670029
23.07.2014,11.644375
24.07.2014,11.682867000000002
25.07.2014,11.752797
26.07.2014,11.752797
27.07.2014,11.752797
28.07.2014,11.858382999999998
29.07.2014,11.987694
30.07.2014,12.003188
31.07.2014,12.097248
01.08.2014,11.96328
02.08.2014,11.96328
03.08.2014,11.96328
04.08.2014,12.183059
05.08.2014,12.297591
06.08.2014,12.354879
07.08.2014,12.458545999999998
08.08.2014,12.606756
09.08.2014,12.606756
10.08.2014,12.606756
11.08.2014,12.825978
12.08.2014,13.139331
13.08.2014,13.110661
14.08.2014,13.091686
15.08.2014,13.135491
16.08.2014,13.135491
17.08.2014,13.135491
18.08.2014,13.073311
19.08.2014,12.952575999999999
20.08.2014,13.223076999999998
21.08.2014,13.11279
22.08.2014,13.365434
23.08.2014,13.365434
24.08.2014,13.365434
25.08.2014,13.365434
26.08.2014,13.659408
27.08.2014,13.890974000000002
28.08.2014,13.437484
29.08.2014,13.605777
30.08.2014,13.605777
31.08.2014,13.605777
01.09.2014,13.114112
02.09.2014,13.008652
03.09.2014,12.531031
04.09.2014,12.528758
05.09.2014,12.8222
06.09.2014,12.8222
07.09.2014,12.8222
08.09.2014,12.822103
09.09.2014,12.926071
10.09.2014,12.951794
11.09.2014,12.976598
12.09.2014,12.950082
13.09.2014,12.950082
14.09.2014,12.950082
15.09.2014,12.903103000000002
16.09.2014,12.98817
17.09.2014,13.082315
18.09.2014,13.425024
19.09.2014,13.434133
20.09.2014,13.434133
21.09.2014,13.434133
22.09.2014,13.489709
23.09.2014,13.526129000000001
24.09.2014,12.944226
25.09.2014,12.950572
26.09.2014,12.908793
27.09.2014,12.908793
28.09.2014,12.908793
29.09.2014,12.908176
30.09.2014,12.949185
01.10.2014,12.955218
02.10.2014,12.950006
03.10.2014,12.940496000000001
04.10.2014,12.940496000000001
05.10.2014,12.940496000000001
06.10.2014,12.949049
07.10.2014,12.966295
08.10.2014,12.950205
09.10.2014,12.930817
10.10.2014,12.950023000000002
11.10.2014,12.950023000000002
12.10.2014,12.950023000000002
13.10.2014,12.952882
14.10.2014,12.951459
15.10.2014,12.952038
16.10.2014,12.951445
17.10.2014,12.95122
18.10.2014,12.95122
19.10.2014,12.95122
20.10.2014,12.951166
21.10.2014,12.950582
22.10.2014,12.950077
23.10.2014,12.950488
24.10.2014,12.950353
25.10.2014,12.950353
26.10.2014,12.950353
27.10.2014,12.950439999999999
28.10.2014,12.950944999999999
29.10.2014,12.952482
30.10.2014,12.952788
31.10.2014,12.950684
01.11.2014,12.950684
02.11.2014,12.950684
03.11.2014,12.950746
04.11.2014,12.953952999999998
05.11.2014,13.497012
06.11.2014,13.955672
07.11.2014,14.47066
08.11.2014,14.47066
09.11.2014,14.47066
10.11.2014,14.804225
11.11.2014,15.771363
12.11.2014,15.749623999999999
13.11.2014,15.56
14.11.2014,15.412417
15.11.2014,15.412417
16.11.2014,15.412417
17.11.2014,15.335614
18.11.2014,15.260179999999998
19.11.2014,15.20011
20.11.2014,15.146067000000002
21.11.2014,15.09624
22.11.2014,15.09624
23.11.2014,15.09624
24.11.2014,15.060794
25.11.2014,15.007932
26.11.2014,14.973062
27.11.2014,14.966885
28.11.2014,14.969269
29.11.2014,14.969269
30.11.2014,14.969269
01.12.2014,15.056413
02.12.2014,15.106043
03.12.2014,15.185623
04.12.2014,15.296657000000002
05.12.2014,15.415499
06.12.2014,15.415499
07.12.2014,15.415499
08.12.2014,15.525710000000002
09.12.2014,15.577517000000002
10.12.2014,15.646999
11.12.2014,15.672305
12.12.2014,15.710700999999998
13.12.2014,15.710700999999998
14.12.2014,15.710700999999998
15.12.2014,15.760382
16.12.2014,15.773905
17.12.2014,15.778906999999998
18.12.2014,15.768497
19.12.2014,15.769370000000002
20.12.2014,15.769370000000002
21.12.2014,15.769370000000002
22.12.2014,15.854396
23.12.2014,15.661713
24.12.2014,15.770241
25.12.2014,15.770870000000002
26.12.2014,15.768865
27.12.2014,15.768865
28.12.2014,15.768865
29.12.2014,15.768556
30.12.2014,15.768556
31.12.2014,15.768556
01.01.2015,15.768556
02.01.2015,15.768556
03.01.2015,15.768556
04.01.2015,15.768556
05.01.2015,15.768556
06.01.2015,15.779566
07.01.2015,15.779566
08.01.2015,15.755631
09.01.2015,15.749586999999998
10.01.2015,15.749586999999998
11.01.2015,15.749586999999998
12.01.2015,15.757964999999999
13.01.2015,15.767906
14.01.2015,15.77124
15.01.2015,15.776095000000002
16.01.2015,15.797967000000002
17.01.2015,15.876429999999996
18.01.2015,15.876429999999996
19.01.2015,15.807737
20.01.2015,15.772208
21.01.2015,15.784755
22.01.2015,15.767642000000002
23.01.2015,15.79205
24.01.2015,15.79205
25.01.2015,15.79205
26.01.2015,15.810005
27.01.2015,15.899591000000001
28.01.2015,15.869445
29.01.2015,15.954335999999998
30.01.2015,16.157817
31.01.2015,16.157817
01.02.2015,16.157817
02.02.2015,16.146995999999998
03.02.2015,16.241449
04.02.2015,16.728929
05.02.2015,17.999763
06.02.2015,23.13058
07.02.2015,23.13058
08.02.2015,23.13058
09.02.2015,24.956198
10.02.2015,24.840495
11.02.2015,25.558067
12.02.2015,25.099142
13.02.2015,25.918523
14.02.2015,25.918523
15.02.2015,25.918523
16.02.2015,26.049893
17.02.2015,26.358713
18.02.2015,26.799674
19.02.2015,27.357992
20.02.2015,27.858494
21.02.2015,27.858494
22.02.2015,27.858494
23.02.2015,28.348066
24.02.2015,28.291218
25.02.2015,28.046032
26.02.2015,30.010175
27.02.2015,27.76312
28.02.2015,27.76312
01.03.2015,27.76312
02.03.2015,26.858114
03.03.2015,24.820657999999998
04.03.2015,23.771263
05.03.2015,23.090564
06.03.2015,22.897045
07.03.2015,22.897045
08.03.2015,22.897045
09.03.2015,22.897045
10.03.2015,21.73571
11.03.2015,21.552936
12.03.2015,21.553929
13.03.2015,21.616059
14.03.2015,21.616059
15.03.2015,21.616059
16.03.2015,21.770381
17.03.2015,22.246866
18.03.2015,23.296787
19.03.2015,23.394039000000006
20.03.2015,23.190613
21.03.2015,23.190613
22.03.2015,23.190613
23.03.2015,23.149873
24.03.2015,23.287844
25.03.2015,23.557021
26.03.2015,23.500799
27.03.2015,23.513024
28.03.2015,23.513024
29.03.2015,23.513024
30.03.2015,23.442625
31.03.2015,23.442625
01.04.2015,23.451383
02.04.2015,23.481944
03.04.2015,23.509492
04.04.2015,23.509492
05.04.2015,23.509492
06.04.2015,23.304799
07.04.2015,23.447515
08.04.2015,23.506033
09.04.2015,23.510335
10.04.2015,23.435369
11.04.2015,23.435369
12.04.2015,23.435369
13.04.2015,23.435369
14.04.2015,22.882033
15.04.2015,22.926551
16.04.2015,21.783027
17.04.2015,21.445856
18.04.2015,21.445856
19.04.2015,21.445856
20.04.2015,21.057654000000007
21.04.2015,22.254387
22.04.2015,22.27617900000001
23.04.2015,22.542193
24.04.2015,22.531063
25.04.2015,22.531063
26.04.2015,22.531063
27.04.2015,22.45163
28.04.2015,22.898564999999998
29.04.2015,22.262406
30.04.2015,21.046832
01.05.2015,21.046832
02.05.2015,21.046832
03.05.2015,21.046832
04.05.2015,21.046832
05.05.2015,21.132395000000002
06.05.2015,21.133059
07.05.2015,21.025503
08.05.2015,20.72246
09.05.2015,20.72246
10.05.2015,20.72246
11.05.2015,20.72246
12.05.2015,20.589862
13.05.2015,20.63756
14.05.2015,20.570787
15.05.2015,20.569333
16.05.2015,20.569333
17.05.2015,20.569333
18.05.2015,20.698242
19.05.2015,22.118662
20.05.2015,21.25258
21.05.2015,20.812662
22.05.2015,20.678827
23.05.2015,20.678827
24.05.2015,20.678827
25.05.2015,20.836853
26.05.2015,21.133675
27.05.2015,21.423472
28.05.2015,21.041285
29.05.2015,21.048227
30.05.2015,21.048227
31.05.2015,21.048227
01.06.2015,21.048227
02.06.2015,21.084888
03.06.2015,21.070818
04.06.2015,21.005961000000006
05.06.2015,21.013713
06.06.2015,21.013713
07.06.2015,21.013713
08.06.2015,21.025806
09.06.2015,21.102444000000002
10.06.2015,21.169299
11.06.2015,21.15333
12.06.2015,21.027495
13.06.2015,21.027495
14.06.2015,21.027495
15.06.2015,21.058829
16.06.2015,21.44881
17.06.2015,22.147739
18.06.2015,21.650235
19.06.2015,21.329154
20.06.2015,21.329154
21.06.2015,21.329154
22.06.2015,21.635428
23.06.2015,21.7687
24.06.2015,21.52572
25.06.2015,21.17802
26.06.2015,21.196069
27.06.2015,21.196069
28.06.2015,21.196069
29.06.2015,21.196069
30.06.2015,21.015358000000006
01.07.2015,21.005219
02.07.2015,21.006373
03.07.2015,21.011609
04.07.2015,21.011609
05.07.2015,21.011609
06.07.2015,21.018248
07.07.2015,21.265897
08.07.2015,21.700382
09.07.2015,21.971761
10.07.2015,21.84817300000001
11.07.2015,21.84817300000001
12.07.2015,21.84817300000001
13.07.2015,21.916483
14.07.2015,21.963753
15.07.2015,21.995345
16.07.2015,22.107282
17.07.2015,21.986687000000003
18.07.2015,21.986687000000003
19.07.2015,21.986687000000003
20.07.2015,22.014924
21.07.2015,22.032134
22.07.2015,22.021461
23.07.2015,22.012094
24.07.2015,22.015695
25.07.2015,22.015695
26.07.2015,22.015695
27.07.2015,22.073520000000002
28.07.2015,22.06227800000001
29.07.2015,22.039591
30.07.2015,22.073558
31.07.2015,21.611775
01.08.2015,21.611775
02.08.2015,21.611775
03.08.2015,21.126666
04.08.2015,21.717484
05.08.2015,21.714134
06.08.2015,21.565865
07.08.2015,21.484096
08.08.2015,21.484096
09.08.2015,21.484096
10.08.2015,21.089882
11.08.2015,21.262951
12.08.2015,21.371550000000006
13.08.2015,21.385392000000003
14.08.2015,21.396247
15.08.2015,21.396247
16.08.2015,21.396247
17.08.2015,21.75766500000001
18.08.2015,22.018809
19.08.2015,22.087367
20.08.2015,22.066173000000006
21.08.2015,22.030769
22.08.2015,22.030769
23.08.2015,22.030769
24.08.2015,22.030769
25.08.2015,22.095544
26.08.2015,22.623411
27.08.2015,21.425702
28.08.2015,21.317065
29.08.2015,21.317065
30.08.2015,21.317065
31.08.2015,21.185441
01.09.2015,21.805419
02.09.2015,21.798517999999998
03.09.2015,21.988664
04.09.2015,22.015573
05.09.2015,22.015573
06.09.2015,22.015573
07.09.2015,21.942791000000003
08.09.2015,22.117574
09.09.2015,22.416926
10.09.2015,21.968932
11.09.2015,21.739039
12.09.2015,21.739039
13.09.2015,21.739039
14.09.2015,21.698655
15.09.2015,21.952695
16.09.2015,21.998165
17.09.2015,21.822599
18.09.2015,21.598093
19.09.2015,21.598093
20.09.2015,21.598093
21.09.2015,21.639391
22.09.2015,21.855146
23.09.2015,21.738564
24.09.2015,21.575129
25.09.2015,21.464469
26.09.2015,21.464469
27.09.2015,21.464469
28.09.2015,21.615991
29.09.2015,21.588351
30.09.2015,21.527544
01.10.2015,21.295636
02.10.2015,21.153307
03.10.2015,21.153307
04.10.2015,21.153307
05.10.2015,21.147443
06.10.2015,21.21564
07.10.2015,21.264049
08.10.2015,21.270167
09.10.2015,21.299291
10.10.2015,21.299291
11.10.2015,21.299291
12.10.2015,21.49620800000001
13.10.2015,21.817734
14.10.2015,21.817734
15.10.2015,21.932784
16.10.2015,21.690618
17.10.2015,21.690618
18.10.2015,21.690618
19.10.2015,21.297698999999998
20.10.2015,21.617536
21.10.2015,21.988927
22.10.2015,22.609278
23.10.2015,22.280585000000002
24.10.2015,22.280585000000002
25.10.2015,22.280585000000002
26.10.2015,22.574677
27.10.2015,22.905896
28.10.2015,22.863258
29.10.2015,22.886491
30.10.2015,22.903985
31.10.2015,22.903985
01.11.2015,22.903985
02.11.2015,22.993727
03.11.2015,23.015217
04.11.2015,23.019410000000004
05.11.2015,23.081425
06.11.2015,22.925534
07.11.2015,22.925534
08.11.2015,22.925534
09.11.2015,22.648966
10.11.2015,22.754934
11.11.2015,22.761335
12.11.2015,22.756907
13.11.2015,22.91723
14.11.2015,22.91723
15.11.2015,22.91723
16.11.2015,23.059785
17.11.2015,23.207025
18.11.2015,23.77107800000001
19.11.2015,23.913585
20.11.2015,23.839146
21.11.2015,23.839146
22.11.2015,23.839146
23.11.2015,23.984576
24.11.2015,24.063619
25.11.2015,23.949241
26.11.2015,23.771646
27.11.2015,23.597302
28.11.2015,23.597302
29.11.2015,23.597302
30.11.2015,23.884656
01.12.2015,23.948086
02.12.2015,23.841563
03.12.2015,23.6477
04.12.2015,23.08880700000001
05.12.2015,23.08880700000001
06.12.2015,23.08880700000001
07.12.2015,23.648623999999998
08.12.2015,23.45069800000001
09.12.2015,22.913187
10.12.2015,22.894918
11.12.2015,23.368319
12.12.2015,23.368319
13.12.2015,23.368319
14.12.2015,23.860094
15.12.2015,23.81162
16.12.2015,23.451305
17.12.2015,23.519276
18.12.2015,23.487675
19.12.2015,23.487675
20.12.2015,23.487675
21.12.2015,23.546414
22.12.2015,23.518152
23.12.2015,23.146841
24.12.2015,22.997289000000002
25.12.2015,22.964482
26.12.2015,22.964482
27.12.2015,22.964482
28.12.2015,23.137486
29.12.2015,23.807482
30.12.2015,23.790720999999998
31.12.2015,24.000667
01.01.2016,24.000667
02.01.2016,24.000667
03.01.2016,24.000667
04.01.2016,24.000667
05.01.2016,24.000667
06.01.2016,23.783691
07.01.2016,23.783691
08.01.2016,23.783691
09.01.2016,23.783691
10.01.2016,23.783691
11.01.2016,23.502697
12.01.2016,23.504365
13.01.2016,23.266758
14.01.2016,23.64196
15.01.2016,23.950773
16.01.2016,24.187399
17.01.2016,24.187399
18.01.2016,24.382961
19.01.2016,24.637118
20.01.2016,24.844282
21.01.2016,24.661043
22.01.2016,24.521735
23.01.2016,24.521735
24.01.2016,24.521735
25.01.2016,24.792164
26.01.2016,24.829818
27.01.2016,24.848956
28.01.2016,24.870473999999998
29.01.2016,25.151769
30.01.2016,25.151769
31.01.2016,25.151769
01.02.2016,25.555029
02.02.2016,25.448377
03.02.2016,25.872756
04.02.2016,25.698375
05.02.2016,25.892673
06.02.2016,25.892673
07.02.2016,25.892673
08.02.2016,25.912994
09.02.2016,25.877397
10.02.2016,25.944535000000002
11.02.2016,25.94118
12.02.2016,26.083668
13.02.2016,26.083668
14.02.2016,26.083668
15.02.2016,26.14743
16.02.2016,26.81808
17.02.2016,27.019798
18.02.2016,26.723709000000003
19.02.2016,26.462253000000004
20.02.2016,26.462253000000004
21.02.2016,26.462253000000004
22.02.2016,26.855762
23.02.2016,27.014507
24.02.2016,27.233858
25.02.2016,27.218629999999997
26.02.2016,27.248642
27.02.2016,27.248642
28.02.2016,27.248642
29.02.2016,27.054389
01.03.2016,27.094802
02.03.2016,27.085228999999998
03.03.2016,26.810762
04.03.2016,26.213621
05.03.2016,26.213621
06.03.2016,26.213621
07.03.2016,26.213621
08.03.2016,26.213621
09.03.2016,26.49713
10.03.2016,26.182756
11.03.2016,25.519193
12.03.2016,25.84514900000001
13.03.2016,25.84514900000001
14.03.2016,26.019961
15.03.2016,26.517435
16.03.2016,26.885419
17.03.2016,26.844690999999997
18.03.2016,26.699975
19.03.2016,26.699975
20.03.2016,26.699975
21.03.2016,26.242902
22.03.2016,26.600686
23.03.2016,26.102487
24.03.2016,26.015065
25.03.2016,26.252159000000002
26.03.2016,26.252159000000002
27.03.2016,26.252159000000002
28.03.2016,26.070332
29.03.2016,26.280144
30.03.2016,26.439172
31.03.2016,26.218056
01.04.2016,26.218214
02.04.2016,26.218214
03.04.2016,26.218214
04.04.2016,26.108475
05.04.2016,25.99463200000001
06.04.2016,26.077248
07.04.2016,25.957926999999998
08.04.2016,25.801289
09.04.2016,25.801289
10.04.2016,25.801289
11.04.2016,25.62984800000001
12.04.2016,25.570599
13.04.2016,25.553147
14.04.2016,25.483477
15.04.2016,25.64764000000001
16.04.2016,25.64764000000001
17.04.2016,25.64764000000001
18.04.2016,25.475042
19.04.2016,25.484764
20.04.2016,25.443478
21.04.2016,25.411365
22.04.2016,25.373655
23.04.2016,25.373655
24.04.2016,25.373655
25.04.2016,25.343646
26.04.2016,25.338921
27.04.2016,25.301814
28.04.2016,25.215094
29.04.2016,25.186528
30.04.2016,25.186528
01.05.2016,25.186528
02.05.2016,25.186528
03.05.2016,25.186528
04.05.2016,25.200907
05.05.2016,25.195281
06.05.2016,25.123024
07.05.2016,25.123024
08.05.2016,25.123024
09.05.2016,25.162672
10.05.2016,25.162672
11.05.2016,25.196137
12.05.2016,25.325663
13.05.2016,25.312938
14.05.2016,25.312938
15.05.2016,25.312938
16.05.2016,25.452175
17.05.2016,25.394671
18.05.2016,25.273426
19.05.2016,25.257239
20.05.2016,25.259572
21.05.2016,25.259572
22.05.2016,25.259572
23.05.2016,25.201506
24.05.2016,25.123692000000002
25.05.2016,25.133710999999998
26.05.2016,25.1125
27.05.2016,25.099995
28.05.2016,25.099995
29.05.2016,25.099995
30.05.2016,25.136025
31.05.2016,25.166002
01.06.2016,25.141637
02.06.2016,25.09759
03.06.2016,25.051207
04.06.2016,25.051207
05.06.2016,25.051207
06.06.2016,25.002072
07.06.2016,24.985657999999997
08.06.2016,24.961679999999998
09.06.2016,24.944121
10.06.2016,25.002237
11.06.2016,25.002237
12.06.2016,25.002237
13.06.2016,25.015342999999998
14.06.2016,24.968681
15.06.2016,24.914945
16.06.2016,24.887642
17.06.2016,24.904642000000006
18.06.2016,24.904642000000006
19.06.2016,24.904642000000006
20.06.2016,24.904642000000006
21.06.2016,24.90888600000001
22.06.2016,24.892557999999998
23.06.2016,24.898078
24.06.2016,24.882929
25.06.2016,24.882929
26.06.2016,24.882929
27.06.2016,24.882929
28.06.2016,24.882929
29.06.2016,24.873395000000002
30.06.2016,24.854409
01.07.2016,24.828412
02.07.2016,24.821412
03.07.2016,24.821412
04.07.2016,24.821412
05.07.2016,24.815823
06.07.2016,24.845936
07.07.2016,24.841948000000002
08.07.2016,24.814798
09.07.2016,24.814798
10.07.2016,24.814798
11.07.2016,24.836822
12.07.2016,24.852093
13.07.2016,24.841663
14.07.2016,24.821286
15.07.2016,24.798021
16.07.2016,24.798021
17.07.2016,24.798021
18.07.2016,24.80717700000001
19.07.2016,24.856585
20.07.2016,24.814308
21.07.2016,24.811595999999998
22.07.2016,24.816117
23.07.2016,24.816117
24.07.2016,24.816117
25.07.2016,24.812552
26.07.2016,24.787745
27.07.2016,24.785259
28.07.2016,24.81535
29.07.2016,24.798204000000002
30.07.2016,24.798204000000002
31.07.2016,24.798204000000002
01.08.2016,24.806544
02.08.2016,24.783525
03.08.2016,24.823176
04.08.2016,24.816008
05.08.2016,24.809076
06.08.2016,24.809076
07.08.2016,24.809076
08.08.2016,24.805647
09.08.2016,24.819639000000002
10.08.2016,24.818263
11.08.2016,24.81659
12.08.2016,24.850409
13.08.2016,24.850409
14.08.2016,24.850409
15.08.2016,25.044197
16.08.2016,25.115141
17.08.2016,25.059288000000002
18.08.2016,25.088661
19.08.2016,25.17091
20.08.2016,25.17091
21.08.2016,25.17091
22.08.2016,25.26244
23.08.2016,25.291161
24.08.2016,25.291161
25.08.2016,25.305529999999997
26.08.2016,25.329214999999998
27.08.2016,25.329214999999998
28.08.2016,25.329214999999998
29.08.2016,25.442357
30.08.2016,25.488685999999998
31.08.2016,25.652241
01.09.2016,26.08125
02.09.2016,26.61593400000001
03.09.2016,26.61593400000001
04.09.2016,26.61593400000001
05.09.2016,26.632976
06.09.2016,26.787052000000006
07.09.2016,26.848461999999998
08.09.2016,26.724306
09.09.2016,26.63780400000001
10.09.2016,26.63780400000001
11.09.2016,26.63780400000001
12.09.2016,26.674886
13.09.2016,26.630711
14.09.2016,26.425985
15.09.2016,26.329976000000002
16.09.2016,26.206713
17.09.2016,26.206713
18.09.2016,26.206713
19.09.2016,25.901081
20.09.2016,25.767047
21.09.2016,25.805527
22.09.2016,25.97462
23.09.2016,25.922831
24.09.2016,25.922831
25.09.2016,25.922831
26.09.2016,25.990626000000002
27.09.2016,25.901519
28.09.2016,25.829474
29.09.2016,25.896643
30.09.2016,25.911879000000006
01.10.2016,25.911879000000006
02.10.2016,25.911879000000006
03.10.2016,25.936893
04.10.2016,25.920623000000006
05.10.2016,25.864415
06.10.2016,25.898334
07.10.2016,25.888929
08.10.2016,25.888929
09.10.2016,25.888929
10.10.2016,25.840885
11.10.2016,25.827169
12.10.2016,25.851713
13.10.2016,25.8074
14.10.2016,25.8074
15.10.2016,25.8074
16.10.2016,25.8074
17.10.2016,25.790789999999998
18.10.2016,25.783191
19.10.2016,25.663049
20.10.2016,25.693239
21.10.2016,25.703574
22.10.2016,25.703574
23.10.2016,25.703574
24.10.2016,25.66280200000001
25.10.2016,25.64048
26.10.2016,25.595314
27.10.2016,25.581368
28.10.2016,25.532787
29.10.2016,25.532787
30.10.2016,25.532787
31.10.2016,25.495951
01.11.2016,25.515438
02.11.2016,25.584772
03.11.2016,25.558676000000002
04.11.2016,25.594826
05.11.2016,25.594826
06.11.2016,25.594826
07.11.2016,25.576191
08.11.2016,25.570654
09.11.2016,25.56326300000001
10.11.2016,25.562021
11.11.2016,25.580051
12.11.2016,25.580051
13.11.2016,25.580051
14.11.2016,25.630399
15.11.2016,25.751234
16.11.2016,26.011762
17.11.2016,26.345679999999998
18.11.2016,26.053438
19.11.2016,26.053438
20.11.2016,26.053438
21.11.2016,25.895267
22.11.2016,25.783819
23.11.2016,25.658938
24.11.2016,25.587619
25.11.2016,25.588045
26.11.2016,25.588045
27.11.2016,25.588045
28.11.2016,25.724426
29.11.2016,25.659520999999998
30.11.2016,25.599373999999997
01.12.2016,25.558575
02.12.2016,25.638209000000003
03.12.2016,25.638209000000003
04.12.2016,25.638209000000003
05.12.2016,25.898742000000002
06.12.2016,26.127478
07.12.2016,26.097384
08.12.2016,26.020104
09.12.2016,25.772489999999998
10.12.2016,25.772489999999998
11.12.2016,25.772489999999998
12.12.2016,25.879355
13.12.2016,26.171129
14.12.2016,26.10882
15.12.2016,26.307416
16.12.2016,26.298509999999997
17.12.2016,26.298509999999997
18.12.2016,26.298509999999997
19.12.2016,26.331835
20.12.2016,26.396034000000004
21.12.2016,26.470481
22.12.2016,26.429366
23.12.2016,26.286013
24.12.2016,26.286013
25.12.2016,26.286013
26.12.2016,26.266765999999997
27.12.2016,26.365578000000006
28.12.2016,26.65067
29.12.2016,26.893158000000003
30.12.2016,27.190858
31.12.2016,27.190858
01.01.2017,27.190858
02.01.2017,27.190858
03.01.2017,27.190858
04.01.2017,27.190858
05.01.2017,26.692366000000003
06.01.2017,26.286719
07.01.2017,26.286719
08.01.2017,26.286719
09.01.2017,26.286719
10.01.2017,27.020929
11.01.2017,27.186833
12.01.2017,27.113198999999998
13.01.2017,27.251628999999998
14.01.2017,27.251628999999998
15.01.2017,27.251628999999998
16.01.2017,27.669232
17.01.2017,27.721541
18.01.2017,27.629792
19.01.2017,27.491865
20.01.2017,27.442159000000004
21.01.2017,27.442159000000004
22.01.2017,27.442159000000004
23.01.2017,27.428490000000004
24.01.2017,27.332499
25.01.2017,27.231902
26.01.2017,27.208137
27.01.2017,27.213078000000007
28.01.2017,27.213078000000007
29.01.2017,27.213078000000007
30.01.2017,27.192242
31.01.2017,27.119036
01.02.2017,27.079535
02.02.2017,26.998586
03.02.2017,26.986979
04.02.2017,26.986979
05.02.2017,26.986979
06.02.2017,27.077975
07.02.2017,27.262733
08.02.2017,27.031894
09.02.2017,26.912499
10.02.2017,27.025143
11.02.2017,27.025143
12.02.2017,27.025143
13.02.2017,27.206833000000003
14.02.2017,27.16511
15.02.2017,27.23046200000001
16.02.2017,26.993603000000004
17.02.2017,26.988684000000006
18.02.2017,26.988684000000006
19.02.2017,26.988684000000006
20.02.2017,27.026138
21.02.2017,27.025299
22.02.2017,27.042536
23.02.2017,26.972870000000004
24.02.2017,26.906286
25.02.2017,26.906286
26.02.2017,26.906286
27.02.2017,26.976569
28.02.2017,27.053672
01.03.2017,27.163714
02.03.2017,27.180639000000006
03.03.2017,27.09131600000001
04.03.2017,27.09131600000001
05.03.2017,27.09131600000001
06.03.2017,27.119249
07.03.2017,27.021320000000006
08.03.2017,27.021320000000006
09.03.2017,26.959467
10.03.2017,26.908632
11.03.2017,26.908632
12.03.2017,26.908632
13.03.2017,26.810151
14.03.2017,26.894568
15.03.2017,26.904296
16.03.2017,26.880768
17.03.2017,26.979001
18.03.2017,26.979001
19.03.2017,26.979001
20.03.2017,26.909264
21.03.2017,26.887865
22.03.2017,26.851059999999997
23.03.2017,26.919904
24.03.2017,27.057689
25.03.2017,27.057689
26.03.2017,27.057689
27.03.2017,27.124559
28.03.2017,27.153547
29.03.2017,27.120665
30.03.2017,27.040107
31.03.2017,26.976058
01.04.2017,26.976058
02.04.2017,26.976058
03.04.2017,27.021745000000006
04.04.2017,27.024639
05.04.2017,27.118953
06.04.2017,27.157009
07.04.2017,27.100326000000006
08.04.2017,27.100326000000006
09.04.2017,27.100326000000006
10.04.2017,26.973995
11.04.2017,26.933241
12.04.2017,26.893784999999998
13.04.2017,26.875671
14.04.2017,26.864209000000002
15.04.2017,26.864209000000002
16.04.2017,26.864209000000002
17.04.2017,26.864209000000002
18.04.2017,26.812058
19.04.2017,26.844959000000006
20.04.2017,26.787082
21.04.2017,26.756734
22.04.2017,26.756734
23.04.2017,26.756734
24.04.2017,26.732779999999998
25.04.2017,26.673697
26.04.2017,26.631832
27.04.2017,26.588876000000006
28.04.2017,26.551453000000002
29.04.2017,26.551453000000002
30.04.2017,26.551453000000002
01.05.2017,26.551453000000002
02.05.2017,26.551453000000002
03.05.2017,26.56093
04.05.2017,26.523425000000003
05.05.2017,26.485778000000003
06.05.2017,26.485778000000003
07.05.2017,26.485778000000003
08.05.2017,26.485778000000003
09.05.2017,26.485778000000003
10.05.2017,26.509341
11.05.2017,26.455859000000004
12.05.2017,26.42893
13.05.2017,26.474312
14.05.2017,26.474312
15.05.2017,26.474312
16.05.2017,26.471947
17.05.2017,26.433401
18.05.2017,26.417446
19.05.2017,26.393442
20.05.2017,26.393442
21.05.2017,26.393442
22.05.2017,26.369659000000002
23.05.2017,26.341917
24.05.2017,26.304507
25.05.2017,26.266118
26.05.2017,26.276670000000006
27.05.2017,26.276670000000006
28.05.2017,26.276670000000006
29.05.2017,26.345368
30.05.2017,26.387789
31.05.2017,26.352778000000004
01.06.2017,26.310335
02.06.2017,26.270953
03.06.2017,26.270953
04.06.2017,26.270953
05.06.2017,26.270953
06.06.2017,26.28093800000001
07.06.2017,26.246584
08.06.2017,26.205414
09.06.2017,26.149214
10.06.2017,26.149214
11.06.2017,26.149214
12.06.2017,26.124759
13.06.2017,26.070702
14.06.2017,25.995212
15.06.2017,26.014971
16.06.2017,26.007115
17.06.2017,26.007115
18.06.2017,26.007115
19.06.2017,26.0219
20.06.2017,26.023126
21.06.2017,26.034879999999998
22.06.2017,26.023602
23.06.2017,26.025695
24.06.2017,26.025695
25.06.2017,26.025695
26.06.2017,26.031112
27.06.2017,26.03660600000001
28.06.2017,26.03660600000001
29.06.2017,26.08012
30.06.2017,26.098994
01.07.2017,26.098994
02.07.2017,26.098994
03.07.2017,26.023367
04.07.2017,25.994486
05.07.2017,26.017364999999998
06.07.2017,26.119317000000002
07.07.2017,26.060308
08.07.2017,26.060308
09.07.2017,26.060308
10.07.2017,26.022967
11.07.2017,26.004175
12.07.2017,25.972011
13.07.2017,25.91067300000001
14.07.2017,25.968636
15.07.2017,25.968636
16.07.2017,25.968636
17.07.2017,26.017657
18.07.2017,25.964818
19.07.2017,25.930157
20.07.2017,25.944129
21.07.2017,25.928333
22.07.2017,25.928333
23.07.2017,25.928333
24.07.2017,25.889731
25.07.2017,25.822625
26.07.2017,25.843721
27.07.2017,25.88486
28.07.2017,25.900435
29.07.2017,25.900435
30.07.2017,25.900435
31.07.2017,25.915589
01.08.2017,25.854789
02.08.2017,25.857073
03.08.2017,25.90418
04.08.2017,25.885752000000004
05.08.2017,25.885752000000004
06.08.2017,25.885752000000004
07.08.2017,25.842893
08.08.2017,25.784907
09.08.2017,25.732557
10.08.2017,25.724503
11.08.2017,25.692368
12.08.2017,25.692368
13.08.2017,25.692368
14.08.2017,25.69571100000001
15.08.2017,25.630682
16.08.2017,25.59828
17.08.2017,25.57272
18.08.2017,25.506408999999998
19.08.2017,25.490401000000002
20.08.2017,25.490401000000002
21.08.2017,25.490401000000002
22.08.2017,25.443168
23.08.2017,25.451704
24.08.2017,25.451704
25.08.2017,25.451704
26.08.2017,25.451704
27.08.2017,25.451704
28.08.2017,25.54558
29.08.2017,25.515762
30.08.2017,25.440576
31.08.2017,25.579541
01.09.2017,25.693957
02.09.2017,25.693957
03.09.2017,25.693957
04.09.2017,25.748384
05.09.2017,25.906249
06.09.2017,25.954263
07.09.2017,25.982213
08.09.2017,26.003183
09.09.2017,26.003183
10.09.2017,26.003183
11.09.2017,26.072964000000002
12.09.2017,26.008703
13.09.2017,26.018957999999998
14.09.2017,26.079643
15.09.2017,26.162016
16.09.2017,26.162016
17.09.2017,26.162016
18.09.2017,26.224386
19.09.2017,26.180679
20.09.2017,26.126435999999998
21.09.2017,26.189634
22.09.2017,26.237181
23.09.2017,26.237181
24.09.2017,26.237181
25.09.2017,26.261561999999998
26.09.2017,26.316649
27.09.2017,26.383461
28.09.2017,26.47283
29.09.2017,26.521094
30.09.2017,26.521094
01.10.2017,26.521094
02.10.2017,26.578496
03.10.2017,26.654606
04.10.2017,26.704193
05.10.2017,26.808805000000003
06.10.2017,26.79968400000001
07.10.2017,26.79968400000001
08.10.2017,26.79968400000001
09.10.2017,26.739931
10.10.2017,26.551695
11.10.2017,26.586183000000002
12.10.2017,26.533312
13.10.2017,26.63465900000001
14.10.2017,26.63465900000001
15.10.2017,26.63465900000001
16.10.2017,26.63465900000001
17.10.2017,26.537958000000003
18.10.2017,26.484328
19.10.2017,26.425466
20.10.2017,26.49995
21.10.2017,26.49995
22.10.2017,26.49995
23.10.2017,26.538902
24.10.2017,26.576754
25.10.2017,26.669955
26.10.2017,26.770046
27.10.2017,26.826619
28.10.2017,26.826619
29.10.2017,26.826619
30.10.2017,26.875781000000003
31.10.2017,26.829390000000004
01.11.2017,26.862019
02.11.2017,26.878403
03.11.2017,26.931378
04.11.2017,26.931378
05.11.2017,26.931378
06.11.2017,26.962647
07.11.2017,26.850348
08.11.2017,26.751287
09.11.2017,26.636246000000003
10.11.2017,26.558575
11.11.2017,26.558575
12.11.2017,26.558575
13.11.2017,26.51673
14.11.2017,26.487953000000005
15.11.2017,26.496372
16.11.2017,26.482221000000006
17.11.2017,26.476407
18.11.2017,26.476407
19.11.2017,26.476407
20.11.2017,26.499087
21.11.2017,26.47708
22.11.2017,26.492211
23.11.2017,26.647562
24.11.2017,26.86144
25.11.2017,26.86144
26.11.2017,26.86144
27.11.2017,26.913646000000004
28.11.2017,26.835271
29.11.2017,26.871826000000002
30.11.2017,27.01393
01.12.2017,27.155849
02.12.2017,27.155849
03.12.2017,27.155849
04.12.2017,27.054320000000004
05.12.2017,27.215318000000003
06.12.2017,27.164406
07.12.2017,27.109151
08.12.2017,27.119363
09.12.2017,27.119363
10.12.2017,27.119363
11.12.2017,27.109345
12.12.2017,27.13572000000001
13.12.2017,27.177106
14.12.2017,27.267490000000002
15.12.2017,27.410006
16.12.2017,27.410006
17.12.2017,27.410006
18.12.2017,27.635063
19.12.2017,27.873635
20.12.2017,27.884304
21.12.2017,27.860871000000003
22.12.2017,27.855935
23.12.2017,27.855935
24.12.2017,27.855935
25.12.2017,27.855935
26.12.2017,27.950921
27.12.2017,27.94456700000001
28.12.2017,27.948466
29.12.2017,28.067223
30.12.2017,28.067223
31.12.2017,28.067223
01.01.2018,28.067223
02.01.2018,28.067223
03.01.2018,28.067223
04.01.2018,27.89054
05.01.2018,28.013366
06.01.2018,28.013366
07.01.2018,28.013366
08.01.2018,28.013366
09.01.2018,28.203329
10.01.2018,28.203244
11.01.2018,28.328813
12.01.2018,28.44571100000001
13.01.2018,28.44571100000001
14.01.2018,28.44571100000001
15.01.2018,28.536637
16.01.2018,28.567664
17.01.2018,28.652576
18.01.2018,28.666132
19.01.2018,28.777485
20.01.2018,28.777485
21.01.2018,28.777485
22.01.2018,28.844816
23.01.2018,28.875837
24.01.2018,28.864823
25.01.2018,28.86536700000001
26.01.2018,28.745248
27.01.2018,28.745248
28.01.2018,28.745248
29.01.2018,28.548638
30.01.2018,28.246515
31.01.2018,28.008791
01.02.2018,27.843493
02.02.2018,27.869462
03.02.2018,27.869462
04.02.2018,27.869462
05.02.2018,27.887139
06.02.2018,27.742448
07.02.2018,27.460866
08.02.2018,27.119635
09.02.2018,27.124023
10.02.2018,27.124023
11.02.2018,27.124023
12.02.2018,27.058546000000003
13.02.2018,26.840367
14.02.2018,26.699479999999998
15.02.2018,26.654762
16.02.2018,26.759805
17.02.2018,26.759805
18.02.2018,26.759805
19.02.2018,26.99088900000001
20.02.2018,27.011922
21.02.2018,27.072945
22.02.2018,26.988039
23.02.2018,27.071842999999998
24.02.2018,27.071842999999998
25.02.2018,27.071842999999998
26.02.2018,26.988658
27.02.2018,27.006609999999995
28.02.2018,26.948185
01.03.2018,26.805515999999997
02.03.2018,26.669496
03.03.2018,26.535904
04.03.2018,26.535904
05.03.2018,26.535904
06.03.2018,26.48208
07.03.2018,26.348957
08.03.2018,26.348957
09.03.2018,26.348957
10.03.2018,26.348957
11.03.2018,26.348957
12.03.2018,26.09395300000001
13.03.2018,25.924612000000003
14.03.2018,25.915886999999998
15.03.2018,26.013978
16.03.2018,26.27265400000001
17.03.2018,26.27265400000001
18.03.2018,26.27265400000001
19.03.2018,26.35391
20.03.2018,26.43604400000001
21.03.2018,26.301118
22.03.2018,26.280974
23.03.2018,26.253649
24.03.2018,26.253649
25.03.2018,26.253649
26.03.2018,26.265478
27.03.2018,26.30439
28.03.2018,26.30627
29.03.2018,26.405248999999998
30.03.2018,26.543492999999998
31.03.2018,26.543492999999998
01.04.2018,26.543492999999998
02.04.2018,26.307046000000003
03.04.2018,26.16096
04.04.2018,26.329568
05.04.2018,26.263057
06.04.2018,26.066537
07.04.2018,26.066537
08.04.2018,26.066537
09.04.2018,26.066537
10.04.2018,26.026968
11.04.2018,25.975527000000003
12.04.2018,25.925912
13.04.2018,25.98635
14.04.2018,25.98635
15.04.2018,25.98635
16.04.2018,26.124909
17.04.2018,26.089279
18.04.2018,26.082873
19.04.2018,26.147772
20.04.2018,26.225963
21.04.2018,26.225963
22.04.2018,26.225963
23.04.2018,26.178455
24.04.2018,26.125554
25.04.2018,26.177264
26.04.2018,26.270545000000002
27.04.2018,26.230046999999995
28.04.2018,26.230046999999995
29.04.2018,26.230046999999995
30.04.2018,26.230046999999995
01.05.2018,26.230046999999995
02.05.2018,26.195648000000002
03.05.2018,26.155067000000006
04.05.2018,26.19147
05.05.2018,26.305522
06.05.2018,26.305522
07.05.2018,26.305522
08.05.2018,26.290191
09.05.2018,26.290191
10.05.2018,26.219038
11.05.2018,26.19216
12.05.2018,26.19216
13.05.2018,26.19216
14.05.2018,26.19800900000001
15.05.2018,26.171243
16.05.2018,26.210807
17.05.2018,26.208170000000006
18.05.2018,26.188814
19.05.2018,26.188814
20.05.2018,26.188814
21.05.2018,26.147963
22.05.2018,26.083614999999998
23.05.2018,26.071164000000003
24.05.2018,26.081533
25.05.2018,26.107517
26.05.2018,26.107517
27.05.2018,26.107517
28.05.2018,26.107517
29.05.2018,26.14949
30.05.2018,26.098943
31.05.2018,26.13581700000001
01.06.2018,26.12231
02.06.2018,26.12231
03.06.2018,26.12231
04.06.2018,26.113944
05.06.2018,26.132875
06.06.2018,26.15621
07.06.2018,26.162366
08.06.2018,26.171679
09.06.2018,26.171679
10.06.2018,26.171679
11.06.2018,26.136416
12.06.2018,26.091314999999998
13.06.2018,26.08749
14.06.2018,26.12421
15.06.2018,26.219678
16.06.2018,26.219678
17.06.2018,26.219678
18.06.2018,26.315542999999998
19.06.2018,26.328987
20.06.2018,26.446439
21.06.2018,26.47594500000001
22.06.2018,26.305365000000002
23.06.2018,26.238901000000002
24.06.2018,26.238901000000002
25.06.2018,26.238901000000002
26.06.2018,26.173625
27.06.2018,26.18917
28.06.2018,26.18917
29.06.2018,26.18917
30.06.2018,26.18917
01.07.2018,26.18917
02.07.2018,26.327494
03.07.2018,26.232692
04.07.2018,26.29925900000001
05.07.2018,26.437983000000006
06.07.2018,26.42978
07.07.2018,26.42978
08.07.2018,26.42978
09.07.2018,26.31595
10.07.2018,26.249754
11.07.2018,26.209172
12.07.2018,26.227255
13.07.2018,26.228045
14.07.2018,26.228045
15.07.2018,26.228045
16.07.2018,26.233225
17.07.2018,26.206838
18.07.2018,26.221563
19.07.2018,26.303338
20.07.2018,26.472433000000002
21.07.2018,26.472433000000002
22.07.2018,26.472433000000002
23.07.2018,26.446104
24.07.2018,26.449683
25.07.2018,26.58319100000001
26.07.2018,26.626878
27.07.2018,26.651412
28.07.2018,26.651412
29.07.2018,26.651412
30.07.2018,26.761506
31.07.2018,26.755214000000002
01.08.2018,26.866716999999998
02.08.2018,26.96213
03.08.2018,27.011867
04.08.2018,27.011867
05.08.2018,27.011867
06.08.2018,27.092701
07.08.2018,27.13172500000001
08.08.2018,27.021054
09.08.2018,26.961726
10.08.2018,27.111393
11.08.2018,27.111393
12.08.2018,27.111393
13.08.2018,27.24564
14.08.2018,27.344448000000003
15.08.2018,27.458921999999998
16.08.2018,27.449859999999997
17.08.2018,27.670533
18.08.2018,27.670533
19.08.2018,27.670533
20.08.2018,27.898554
21.08.2018,27.696679999999997
22.08.2018,27.709475
23.08.2018,27.885488
24.08.2018,27.885488
25.08.2018,27.885488
26.08.2018,27.885488
27.08.2018,27.853197
28.08.2018,27.885240000000003
29.08.2018,28.051217
30.08.2018,28.116426
31.08.2018,28.279436999999998
01.09.2018,28.279436999999998
02.09.2018,28.279436999999998
03.09.2018,28.246116999999998
04.09.2018,28.378299
05.09.2018,28.492993
06.09.2018,28.411552
07.09.2018,28.224632
08.09.2018,28.224632
09.09.2018,28.224632
10.09.2018,28.264977
11.09.2018,28.200688
12.09.2018,28.095614
13.09.2018,28.026096000000006
14.09.2018,28.126838
15.09.2018,28.126838
16.09.2018,28.126838
17.09.2018,28.152071999999997
18.09.2018,28.126754
19.09.2018,28.151007
20.09.2018,28.120205
21.09.2018,28.06185
22.09.2018,28.06185
23.09.2018,28.06185
24.09.2018,28.06288
25.09.2018,28.111097
26.09.2018,28.061209
27.09.2018,28.142843
28.09.2018,28.298262
29.09.2018,28.298262
30.09.2018,28.298262
01.10.2018,28.269931
02.10.2018,28.212677000000006
03.10.2018,28.276259000000003
04.10.2018,28.320055000000004
05.10.2018,28.175055
06.10.2018,28.175055
07.10.2018,28.175055
08.10.2018,28.084816
09.10.2018,28.08792
10.10.2018,28.08144
11.10.2018,28.002896999999997
12.10.2018,27.984519
13.10.2018,27.984519
14.10.2018,27.984519
15.10.2018,27.984519
16.10.2018,27.928166
17.10.2018,27.930020000000006
18.10.2018,27.91689400000001
19.10.2018,28.036647
20.10.2018,28.036647
21.10.2018,28.036647
22.10.2018,28.182001
23.10.2018,28.080405
24.10.2018,28.149402
25.10.2018,28.213096999999998
26.10.2018,28.335582
27.10.2018,28.335582
28.10.2018,28.335582
29.10.2018,28.265984000000003
30.10.2018,28.202526
31.10.2018,28.164437
01.11.2018,28.118832
02.11.2018,28.15786300000001
03.11.2018,28.15786300000001
04.11.2018,28.15786300000001
05.11.2018,28.132823
06.11.2018,28.01531300000001
07.11.2018,27.955840000000002
08.11.2018,27.896958
09.11.2018,27.926734000000003
10.11.2018,27.926734000000003
11.11.2018,27.926734000000003
12.11.2018,27.891641
13.11.2018,27.903737
14.11.2018,27.918162
15.11.2018,27.839406
16.11.2018,27.774256
17.11.2018,27.774256
18.11.2018,27.774256
19.11.2018,27.754970000000004
20.11.2018,27.764829
21.11.2018,27.763875
22.11.2018,27.774897999999997
23.11.2018,27.745837
24.11.2018,27.745837
25.11.2018,27.745837
26.11.2018,27.795828000000004
27.11.2018,27.898447
28.11.2018,28.105334000000006
29.11.2018,28.269049
30.11.2018,28.390932
01.12.2018,28.390932
02.12.2018,28.390932
03.12.2018,28.222764
04.12.2018,28.172738
05.12.2018,28.125926
06.12.2018,27.975656
07.12.2018,27.879569
08.12.2018,27.879569
09.12.2018,27.879569
10.12.2018,27.824246
11.12.2018,27.776824
12.12.2018,27.713165000000004
13.12.2018,27.808135000000004
14.12.2018,27.867006
15.12.2018,27.867006
16.12.2018,27.867006
17.12.2018,27.837123
18.12.2018,27.886082000000002
19.12.2018,27.847943
20.12.2018,27.717006
21.12.2018,27.576874
22.12.2018,27.433934000000004
23.12.2018,27.433934000000004
24.12.2018,27.433934000000004
25.12.2018,27.433934000000004
26.12.2018,27.433934000000004
27.12.2018,27.267788
28.12.2018,27.454978999999998
29.12.2018,27.688264
30.12.2018,27.688264
31.12.2018,27.688264
01.01.2019,27.688264
02.01.2019,27.688264
03.01.2019,27.688264
04.01.2019,27.511682
05.01.2019,27.511682
06.01.2019,27.511682
07.01.2019,27.511682
08.01.2019,27.7094
09.01.2019,28.023739000000006
10.01.2019,28.122133
11.01.2019,28.270148
12.01.2019,28.270148
13.01.2019,28.270148
14.01.2019,28.153842
15.01.2019,28.023674
16.01.2019,28.166809000000004
17.01.2019,28.008502000000004
18.01.2019,28.033609000000002
19.01.2019,28.033609000000002
20.01.2019,28.033609000000002
21.01.2019,27.980832
22.01.2019,27.948597
23.01.2019,27.895838
24.01.2019,27.703713
25.01.2019,27.786528000000004
26.01.2019,27.786528000000004
27.01.2019,27.786528000000004
28.01.2019,27.817285
29.01.2019,27.790097
30.01.2019,27.772064
31.01.2019,27.755525
01.02.2019,27.740959999999994
02.02.2019,27.740959999999994
03.02.2019,27.740959999999994
04.02.2019,27.570704
05.02.2019,27.42369200000001
06.02.2019,27.215854
07.02.2019,26.964088
08.02.2019,26.95935
09.02.2019,26.95935
10.02.2019,26.95935
11.02.2019,26.899993
12.02.2019,27.057716
13.02.2019,27.007494
14.02.2019,27.092791
15.02.2019,27.159961
16.02.2019,27.159961
17.02.2019,27.159961
18.02.2019,27.247894
19.02.2019,27.185914
20.02.2019,27.173251
21.02.2019,27.087563
22.02.2019,27.00263
23.02.2019,27.00263
24.02.2019,27.00263
25.02.2019,27.017312
26.02.2019,26.990656
27.02.2019,26.982628
28.02.2019,26.992764
01.03.2019,26.859165
02.03.2019,26.859165
03.03.2019,26.859165
04.03.2019,26.862244
05.03.2019,26.827083
06.03.2019,26.762376
07.03.2019,26.481142
08.03.2019,26.481142
09.03.2019,26.481142
10.03.2019,26.481142
11.03.2019,26.389167
12.03.2019,26.311954999999998
13.03.2019,26.359553000000002
14.03.2019,26.702931
15.03.2019,26.716488
16.03.2019,26.716488
17.03.2019,26.716488
18.03.2019,27.014848999999998
19.03.2019,27.131890000000002
20.03.2019,27.16083
21.03.2019,27.167879
22.03.2019,27.256311
23.03.2019,27.256311
24.03.2019,27.256311
25.03.2019,26.960935
26.03.2019,26.889135999999997
27.03.2019,26.980221999999998
28.03.2019,27.081767
29.03.2019,27.248765
30.03.2019,27.248765
31.03.2019,27.248765
01.04.2019,27.209103
02.04.2019,27.190866999999997
03.04.2019,26.97415800000001
04.04.2019,27.081121000000003
05.04.2019,27.022033
06.04.2019,27.022033
07.04.2019,27.022033
08.04.2019,26.768706
09.04.2019,26.644138
10.04.2019,26.69609800000001
11.04.2019,26.765228000000004
12.04.2019,26.831419
13.04.2019,26.831419
14.04.2019,26.831419
15.04.2019,26.713872
16.04.2019,26.810204
17.04.2019,26.722277
18.04.2019,26.687575
19.04.2019,26.837654999999998
20.04.2019,26.837654999999998
21.04.2019,26.837654999999998
22.04.2019,26.85397
23.04.2019,26.775371000000003
24.04.2019,26.688008
25.04.2019,26.594202000000006
26.04.2019,26.619328000000007
27.04.2019,26.619328000000007
28.04.2019,26.619328000000007
29.04.2019,26.619328000000007
30.04.2019,26.619328000000007
01.05.2019,26.619328000000007
02.05.2019,26.492737
03.05.2019,26.557242
04.05.2019,26.557242
05.05.2019,26.557242
06.05.2019,26.480461
07.05.2019,26.49592
08.05.2019,26.340020000000006
09.05.2019,26.340020000000006
10.05.2019,26.24955
11.05.2019,26.205887
12.05.2019,26.205887
13.05.2019,26.205887
14.05.2019,26.113216
15.05.2019,26.162875
16.05.2019,26.374033
17.05.2019,26.342913
18.05.2019,26.342913
19.05.2019,26.342913
20.05.2019,26.368202
21.05.2019,26.202895
22.05.2019,26.112451
23.05.2019,26.304698
24.05.2019,26.335722999999998
25.05.2019,26.335722999999998
26.05.2019,26.335722999999998
27.05.2019,26.47478
28.05.2019,26.325682
29.05.2019,26.406167
30.05.2019,26.683376000000006
31.05.2019,26.87257300000001
01.06.2019,26.87257300000001
02.06.2019,26.87257300000001
03.06.2019,26.854695000000003
04.06.2019,26.954834
05.06.2019,27.206934000000004
06.06.2019,26.930097999999997
07.06.2019,26.795094
08.06.2019,26.795094
09.06.2019,26.795094
10.06.2019,26.595721
11.06.2019,26.375021999999998
12.06.2019,26.29895
13.06.2019,26.401893
14.06.2019,26.41708
15.06.2019,26.41708
16.06.2019,26.41708
17.06.2019,26.41708
18.06.2019,26.421945
19.06.2019,26.388427000000004
20.06.2019,26.334256
21.06.2019,26.375876
22.06.2019,26.375876
23.06.2019,26.375876
24.06.2019,26.266416
25.06.2019,26.191201
26.06.2019,26.191023
27.06.2019,26.166382
28.06.2019,26.166382
29.06.2019,26.166382
30.06.2019,26.166382
01.07.2019,26.177939000000002
02.07.2019,26.206493
03.07.2019,26.179033
04.07.2019,26.044841
05.07.2019,25.870835000000003
06.07.2019,25.870835000000003
07.07.2019,25.870835000000003
08.07.2019,25.711361
09.07.2019,25.602161
10.07.2019,25.48917800000001
11.07.2019,25.700474
12.07.2019,25.801837
13.07.2019,25.801837
14.07.2019,25.801837
15.07.2019,25.760583999999998
16.07.2019,25.74092000000001
17.07.2019,25.864142
18.07.2019,25.862087
19.07.2019,26.030048999999998
20.07.2019,26.030048999999998
21.07.2019,26.030048999999998
22.07.2019,25.815345
23.07.2019,25.643112
24.07.2019,25.630047
25.07.2019,25.5163
26.07.2019,25.487337000000004
27.07.2019,25.487337000000004
28.07.2019,25.487337000000004
29.07.2019,25.439728
30.07.2019,25.252582000000004
31.07.2019,25.085516
01.08.2019,25.020754999999998
02.08.2019,25.349919
03.08.2019,25.349919
04.08.2019,25.349919
05.08.2019,25.537710999999998
06.08.2019,25.735045
07.08.2019,25.590328
08.08.2019,25.424348
09.08.2019,25.316561
10.08.2019,25.316561
11.08.2019,25.316561
12.08.2019,25.090813
13.08.2019,25.158487
14.08.2019,25.14616
15.08.2019,25.249317
16.08.2019,25.32165100000001
17.08.2019,25.32165100000001
18.08.2019,25.32165100000001
19.08.2019,25.142848
20.08.2019,25.175684
21.08.2019,25.1313
22.08.2019,25.204427
23.08.2019,25.042697
24.08.2019,25.042697
25.08.2019,25.042697
26.08.2019,25.042697
27.08.2019,25.06289
28.08.2019,25.16493
29.08.2019,25.221856
30.08.2019,25.232298999999998
31.08.2019,25.232298999999998
01.09.2019,25.232298999999998
02.09.2019,25.144111
03.09.2019,25.263473
04.09.2019,25.296865
05.09.2019,25.263457
06.09.2019,25.310639000000002
07.09.2019,25.310639000000002
08.09.2019,25.310639000000002
09.09.2019,25.08603500000001
10.09.2019,25.026567
11.09.2019,24.882279
12.09.2019,24.968816
13.09.2019,24.831184
14.09.2019,24.831184
15.09.2019,24.831184
16.09.2019,24.710681
17.09.2019,24.771442999999998
18.09.2019,24.76452
19.09.2019,24.669853
20.09.2019,24.617559
21.09.2019,24.617559
22.09.2019,24.617559
23.09.2019,24.432618
24.09.2019,24.327195000000003
25.09.2019,24.209491
26.09.2019,24.120199
27.09.2019,24.186956
28.09.2019,24.186956
29.09.2019,24.186956
30.09.2019,24.082809
01.10.2019,24.197474000000003
02.10.2019,24.555302
03.10.2019,24.859769
04.10.2019,24.877122
05.10.2019,24.877122
06.10.2019,24.877122
07.10.2019,24.611821
08.10.2019,24.867568
09.10.2019,24.707021
10.10.2019,24.701001
11.10.2019,24.530569
12.10.2019,24.530569
13.10.2019,24.530569
14.10.2019,24.530569
15.10.2019,24.538038
16.10.2019,24.785759
17.10.2019,24.835244
18.10.2019,24.733852
19.10.2019,24.733852
20.10.2019,24.733852
21.10.2019,25.035071
22.10.2019,24.975156
23.10.2019,24.844629
24.10.2019,24.892529
25.10.2019,25.114112
26.10.2019,25.114112
27.10.2019,25.114112
28.10.2019,25.174116
29.10.2019,25.067144
30.10.2019,25.11380500000001
31.10.2019,24.995421
01.11.2019,24.819089
02.11.2019,24.819089
03.11.2019,24.819089
04.11.2019,24.738144000000002
05.11.2019,24.798021
06.11.2019,24.719467
07.11.2019,24.657612
08.11.2019,24.515816
09.11.2019,24.515816
10.11.2019,24.515816
11.11.2019,24.501887
12.11.2019,24.511018
13.11.2019,24.46189600000001
14.11.2019,24.315588
15.11.2019,24.244999
16.11.2019,24.244999
17.11.2019,24.244999
18.11.2019,24.220132
19.11.2019,24.137178
20.11.2019,24.203928
21.11.2019,24.183603
22.11.2019,24.193689000000006
23.11.2019,24.193689000000006
24.11.2019,24.193689000000006
25.11.2019,24.164262
26.11.2019,24.053801
27.11.2019,23.982702
28.11.2019,23.984391
29.11.2019,24.035575
30.11.2019,24.035575
01.12.2019,24.035575
02.12.2019,23.972276
03.12.2019,23.957354
04.12.2019,23.939216000000002
05.12.2019,23.930282000000002
06.12.2019,23.877034
07.12.2019,23.877034
08.12.2019,23.877034
09.12.2019,23.724789
10.12.2019,23.688511
11.12.2019,23.68920300000001
12.12.2019,23.603546
13.12.2019,23.563276000000002
14.12.2019,23.563276000000002
15.12.2019,23.563276000000002
16.12.2019,23.497996
17.12.2019,23.490376
18.12.2019,23.469132
19.12.2019,23.413086
20.12.2019,23.374052
21.12.2019,23.325284
22.12.2019,23.325284
23.12.2019,23.291225
24.12.2019,23.275766
25.12.2019,23.275766
26.12.2019,23.255155
27.12.2019,23.292885000000002
28.12.2019,23.6862
29.12.2019,23.6862
30.12.2019,23.6862
31.12.2019,23.6862
01.01.2020,23.6862
02.01.2020,23.6862
03.01.2020,23.6862
04.01.2020,23.6862
05.01.2020,23.6862
06.01.2020,23.6862
07.01.2020,23.6862
08.01.2020,23.6785
09.01.2020,23.8345
10.01.2020,24.119
11.01.2020,23.9677
12.01.2020,23.9677
13.01.2020,23.9677
14.01.2020,23.9275
15.01.2020,24.0257
16.01.2020,23.9821
17.01.2020,24.0923
18.01.2020,24.0923
19.01.2020,24.0923
20.01.2020,24.2527
21.01.2020,24.3257
22.01.2020,24.2586
23.01.2020,24.331
24.01.2020,24.5212
25.01.2020,24.5212
26.01.2020,24.5212
27.01.2020,24.3301
28.01.2020,24.5984
29.01.2020,24.7204
30.01.2020,24.8491
31.01.2020,24.9196
01.02.2020,24.9196
02.02.2020,24.9196
03.02.2020,25.0294
04.02.2020,25.0836
05.02.2020,24.8523
06.02.2020,24.7959
07.02.2020,24.5794
08.02.2020,24.5794
09.02.2020,24.5794
10.02.2020,24.537
11.02.2020,24.5188
12.02.2020,24.4236
13.02.2020,24.4966
14.02.2020,24.4795
15.02.2020,24.4795
16.02.2020,24.4795
17.02.2020,24.447
18.02.2020,24.4456
19.02.2020,24.4431
20.02.2020,24.5231
21.02.2020,24.4777
22.02.2020,24.4777
23.02.2020,24.4777
24.02.2020,24.45300000000001
25.02.2020,24.4995
26.02.2020,24.5307
27.02.2020,24.649
28.02.2020,24.561
29.02.2020,24.561
01.03.2020,24.561
02.03.2020,24.59
03.03.2020,24.818
04.03.2020,24.9386
05.03.2020,24.8908
06.03.2020,24.7413
07.03.2020,24.7413
08.03.2020,24.7413
09.03.2020,24.7413
10.03.2020,24.9215
11.03.2020,25.3135
12.03.2020,25.624000000000002
13.03.2020,25.858
14.03.2020,25.858
15.03.2020,25.858
16.03.2020,26.089000000000002
17.03.2020,26.5249
18.03.2020,27.0566
19.03.2020,27.2685
20.03.2020,27.8025
21.03.2020,27.8025
22.03.2020,27.8025
23.03.2020,27.7386
24.03.2020,28.1126
25.03.2020,27.7728
26.03.2020,27.9552
27.03.2020,28.1381
28.03.2020,28.1381
29.03.2020,28.1381
30.03.2020,28.183000000000003
31.03.2020,28.0615
01.04.2020,27.6289
02.04.2020,27.7538
03.04.2020,27.5962
04.04.2020,27.5962
05.04.2020,27.5962
06.04.2020,27.373
07.04.2020,27.2365
08.04.2020,27.0996
09.04.2020,27.1965
10.04.2020,27.2598
11.04.2020,27.2598
12.04.2020,27.2598
13.04.2020,27.2022
14.04.2020,27.0404
15.04.2020,27.0899
16.04.2020,27.2219
17.04.2020,27.2022
18.04.2020,27.2022
19.04.2020,27.2022
20.04.2020,27.2022
21.04.2020,27.0774
22.04.2020,27.0815
23.04.2020,27.0536
24.04.2020,27.0137
25.04.2020,27.0137
26.04.2020,27.0137
27.04.2020,27.1441
28.04.2020,27.1025
29.04.2020,27.0485
30.04.2020,26.9714
01.05.2020,26.9714
02.05.2020,26.9714
03.05.2020,26.9714
04.05.2020,26.9592
05.05.2020,26.9749
06.05.2020,26.9774
07.05.2020,26.9323
08.05.2020,26.8185
09.05.2020,26.8185
10.05.2020,26.8185
11.05.2020,26.8185
12.05.2020,26.8196
13.05.2020,26.7947
14.05.2020,26.6897
15.05.2020,26.6792
16.05.2020,26.6792
17.05.2020,26.6792
18.05.2020,26.638
19.05.2020,26.570999999999998
20.05.2020,26.5159
21.05.2020,26.5854
22.05.2020,26.7699
23.05.2020,26.7699
24.05.2020,26.7699
25.05.2020,26.7556
26.05.2020,26.8742
